"117270","occ","","","41665","Stehlinia cf. minor","species","40689","species not entered","Stehlinia","genus","40689","Late Eocene","","37.2","33.9","11154"
"138779","occ","","","11798","Myotis sp.","genus","40678","","Myotis","genus","40678","Turolian","","8.7","5.333","11436"
"138780","occ","","","11798","Eptesicus sp.","genus","40671","","Eptesicus","genus","40671","Turolian","","8.7","5.333","11436"
"138781","occ","","","11798","Pipistrellus sp.","genus","40683","","Pipistrellus","genus","40683","Turolian","","8.7","5.333","11436"
"138782","occ","","","11798","Plecotus sp.","genus","40684","","Plecotus","genus","40684","Turolian","","8.7","5.333","11436"
"138844","occ","","","11803","Myotis cf. baranensis","species","40678","species not entered","Myotis","genus","40678","Late Pleistocene","","0.126","0.0117","10604"
"150079","occ","","","13293","Hipposideros sp.","genus","40649","","Hipposideros","genus","40649","Middle Pleistocene","Late Pleistocene","0.781","0.0117","4412"
"151053","occ","","","13482","Myotis sp.","genus","40678","","Myotis","genus","40678","Early Miocene","Middle Miocene","23.03","11.608","6095"
"166855","occ","","","15081","cf. Icaronycteris sp.","genus","40632","","Icaronycteris","genus","40632","Clarkforkian","","56.8","55.8","1656"
"175036","occ","","","16396","cf. Ageina sp.","genus","40697","","Ageina","genus","40697","Bridgerian","","50.3","46.2","2182"
"175128","occ","","","16415","Icaronycteris ? sp.","genus","40632","","Icaronycteris","genus","40632","Bridgerian","","50.3","46.2","3329"
"178013","occ","","","16919","Wallia sp.","genus","40437","","Wallia","genus","40437","Chadronian","","37.2","33.9","3318"
"178750","occ","","","16979","Wallia sp.","genus","40437","","Wallia","genus","40437","Chadronian","","37.2","33.9","3318"
"179092","occ","","","17014","Stehlinia ? sp.","genus","40689","","Stehlinia","genus","40689","Chadronian","","37.2","33.9","2716"
"179489","occ","","","17082","Oligomyotis casementi","species","40681","species not entered","Oligomyotis","genus","40681","Orellan","","33.9","33.3","1574"
"182491","occ","19059","","17709","Oligomyotis sp.","genus","40681","","Oligomyotis","genus","40681","Geringian","","30.8","26.3","19303"
"183333","occ","19138","","17889","cf. Myotis sp.","genus","40678","","Myotis","genus","40678","Late Hemingfordian","","20.43","15.97","19303"
"184097","occ","","","18031","cf. Myotis sp.","genus","40678","","Myotis","genus","40678","Barstovian","","15.97","13.6","1294"
"184679","occ","","","18097","Eptesicus n. sp. hemphillensis","species","40671","species not entered","Eptesicus","genus","40671","Hemphillian","","10.3","4.9","6209"
"185034","occ","","","18141","cf. Antrozous sp.","genus","40665","","Antrozous","genus","40665","Barstovian","","15.97","13.6","3503"
"186271","occ","","","18284","cf. Antrozous sp.","genus","40665","","Antrozous","genus","40665","Barstovian","","15.97","13.6","3510"
"186601","occ","","","18324","Myotis sp.","genus","40678","","Myotis","genus","40678","Clarendonian","","13.6","10.3","1297"
"186641","occ","","","18327","Lasiurus sp.","genus","40675","","Lasiurus","genus","40675","Late Clarendonian","","13.6","10.3","1297"
"187348","occ","","","18450","Myotis sp.","genus","40678","","Myotis","genus","40678","Clarendonian","","13.6","10.3","3676"
"188361","occ","","","18621","Antrozous sp.","genus","40665","","Antrozous","genus","40665","Miocene","","23.03","5.333","3030"
"188638","occ","","","18666","Antrozous sp.","genus","40665","","Antrozous","genus","40665","Miocene","","23.03","5.333","3030"
"188912","occ","","","18755","Plionycteris russelli","species","40685","species not entered","Plionycteris","genus","40685","Late Hemphillian","","10.3","4.9","2249"
"189185","occ","","","18803","Ancenycteris rasmusseni","species","40664","species not entered","Ancenycteris","genus","40664","Early Barstovian","","15.97","13.6","3342"
"190235","occ","","","19015","cf. Myotis sp.","genus","40678","","Myotis","genus","40678","Hemphillian","","10.3","4.9","1547"
"192930","occ","","","19618","Myotis sp.","genus","40678","","Myotis","genus","40678","Blancan","","4.9","1.8","1292"
"192953","occ","8382","","19620","Lasiurus cf. blossevillii","species","40675","species not entered","Lasiurus","genus","40675","Blancan","","4.9","1.8","1295"
"193719","occ","","","19753","Tadarida sp.","genus","40691","","Tadarida","genus","40691","Blancan","","4.9","1.8","2621"
"194608","occ","","","19954","Lasiurus sp.","genus","40675","","Lasiurus","genus","40675","Blancan","","4.9","1.8","1297"
"194779","occ","","","19966","Myotis sp.","genus","40678","","Myotis","genus","40678","Hemphillian","Blancan","10.3","1.8","1295"
"194930","occ","","","20017","Antrozous sp.","genus","40665","","Antrozous","genus","40665","Blancan","","4.9","1.8","2886"
"194931","occ","","","20017","Myotis sp.","genus","40678","","Myotis","genus","40678","Blancan","","4.9","1.8","2886"
"197607","occ","","","20354","Myotis sp.","genus","40678","","Myotis","genus","40678","Irvingtonian","","1.8","0.3","1727"
"197768","occ","","","20384","Antrozous sp.","genus","40665","","Antrozous","genus","40665","Blancan","","4.9","1.8","2611"
"197769","occ","","","20384","Eptesicus sp.","genus","40671","","Eptesicus","genus","40671","Blancan","","4.9","1.8","2611"
"197770","occ","","","20384","Lasiurus sp.","genus","40675","","Lasiurus","genus","40675","Blancan","","4.9","1.8","2611"
"197771","occ","","","20384","Myotis sp.","genus","40678","","Myotis","genus","40678","Blancan","","4.9","1.8","3580"
"197773","occ","","","20384","Plecotus sp.","genus","40684","","Plecotus","genus","40684","Blancan","","4.9","1.8","2611"
"197820","occ","10468","","20385","Myotis sp.","genus","40678","","Myotis","genus","40678","Irvingtonian","","1.8","0.3","9761"
"198939","occ","","","20530","Lasiurus sp.","genus","40675","","Lasiurus","genus","40675","Irvingtonian","","1.8","0.3","1304"
"199034","occ","","","20554","Plecotus sp.","genus","40684","","Plecotus","genus","40684","Irvingtonian","","1.8","0.3","6221"
"199834","occ","","","20636","Mormoops megalophylla","species","40657","species not entered","Mormoops","genus","40657","Late Pleistocene","","0.126","0.0117","3567"
"212877","occ","","","21686","Eumops dabbenei","species","40694","species not entered","Eumops","genus","40694","Holocene","","0.0117","0","4785"
"212878","occ","","","21686","Eumops hansae","species","40694","species not entered","Eumops","genus","40694","Holocene","","0.0117","0","4785"
"212879","occ","","","21686","Molossops greenhalli","species","279373","species not entered","Molossops","genus","279373","Holocene","","0.0117","0","4785"
"212880","occ","","","21686","Molossus molossus","species","48788","species not entered","Molossus","genus","48788","Holocene","","0.0117","0","4785"
"212883","occ","","","21686","Carollia perspicillata","species","159133","species not entered","Carollia","genus","159133","Holocene","","0.0117","0","4785"
"212885","occ","","","21686","Glossophaga longirostris","species","103143","species not entered","Glossophaga","genus","103143","Holocene","","0.0117","0","4785"
"212886","occ","","","21686","Glossophaga soricina","species","103143","species not entered","Glossophaga","genus","103143","Holocene","","0.0117","0","4785"
"212887","occ","","","21686","Micronycteris nicefori","species","117402","species not entered","Micronycteris","genus","117402","Holocene","","0.0117","0","4785"
"212889","occ","","","21686","Phyllostomus discolor","species","103136","species not entered","Phyllostomus","genus","103136","Holocene","","0.0117","0","4785"
"212890","occ","","","21686","Phyllostomus hastatus","species","103136","species not entered","Phyllostomus","genus","103136","Holocene","","0.0117","0","4785"
"212892","occ","","","21686","Sturnira lilium","species","159135","species not entered","Sturnira","genus","159135","Holocene","","0.0117","0","4785"
"212893","occ","","","21686","Sturnira ludovici","species","159135","species not entered","Sturnira","genus","159135","Holocene","","0.0117","0","4785"
"212896","occ","","","21686","Eptesicus furinalis","species","40671","species not entered","Eptesicus","genus","40671","Holocene","","0.0117","0","4785"
"212897","occ","","","21686","Lasiurus ega","species","40675","species not entered","Lasiurus","genus","40675","Holocene","","0.0117","0","4785"
"212898","occ","","","21686","Myotis nigricans","species","40678","species not entered","Myotis","genus","40678","Holocene","","0.0117","0","4785"
"212899","occ","","","21686","Rhogeessa tumida","species","117403","species not entered","Rhogeessa","genus","117403","Holocene","","0.0117","0","4785"
"212902","occ","","","21686","Rhynchonycteris naso","species","159127","species not entered","Rhynchonycteris","genus","159127","Holocene","","0.0117","0","4785"
"212905","occ","","","21686","Micronycteris minuta","species","117402","species not entered","Micronycteris","genus","117402","Holocene","","0.0117","0","4785"
"212906","occ","","","21686","Micronycteris megalotis","species","117402","species not entered","Micronycteris","genus","117402","Holocene","","0.0117","0","4785"
"212907","occ","","","21686","Tonatia minuta","species","269559","species not entered","Tonatia","genus","269559","Holocene","","0.0117","0","4785"
"212908","occ","","","21686","Tonatia venezuelae","species","269559","species not entered","Tonatia","genus","269559","Holocene","","0.0117","0","4785"
"212909","occ","","","21686","Phyllostomus elongatus","species","103136","species not entered","Phyllostomus","genus","103136","Holocene","","0.0117","0","4785"
"212911","occ","","","21686","Myotis albescens","species","40678","species not entered","Myotis","genus","40678","Holocene","","0.0117","0","4785"
"212912","occ","","","21686","Molossops terminekii","species","279373","species not entered","Molossops","genus","279373","Holocene","","0.0117","0","4785"
"212913","occ","","","21686","Molossus pretiosus","species","48788","species not entered","Molossus","genus","48788","Holocene","","0.0117","0","4785"
"212914","occ","","","21686","Eumops bonariensis","species","40694","species not entered","Eumops","genus","40694","Holocene","","0.0117","0","4785"
"212916","occ","","","21686","Eumops auripendulus","species","40694","species not entered","Eumops","genus","40694","Holocene","","0.0117","0","4785"
"213276","occ","","","21693","Nycteris thebaica","species","103133","species not entered","Nycteris","genus","103133","Holocene","","0.0117","0","4805"
"213277","occ","","","21693","Taphozous mauritianus","species","40637","species not entered","Taphozous","genus","40637","Holocene","","0.0117","0","4805"
"213278","occ","","","21693","Eptesicus capensis","species","40671","species not entered","Eptesicus","genus","40671","Holocene","","0.0117","0","4805"
"213292","occ","","","21693","Rhinolophus clivosus","species","40646","species not entered","Rhinolophus","genus","40646","Holocene","","0.0117","0","4805"
"213303","occ","","","21693","Pipistrellus kuhli","species","40683","species not entered","Pipistrellus","genus","40683","Holocene","","0.0117","0","4805"
"213304","occ","","","21693","Scotophilus nigrita","species","40687","species not entered","Scotophilus","genus","40687","Holocene","","0.0117","0","4805"
"214000","occ","","","21915","Eptesicus capensis","species","40671","species not entered","Eptesicus","genus","40671","Pleistocene","","2.588","0.0117","5214"
"214013","occ","","","21915","Miniopterus schreibersi","species","40676","species not entered","Miniopterus","genus","40676","Pleistocene","","2.588","0.0117","5214"
"214016","occ","","","21915","Rhinolophus capensis","species","40646","species not entered","Rhinolophus","genus","40646","Pleistocene","","2.588","0.0117","5214"
"214137","occ","","","21949","Tadarida sp.","genus","40691","","Tadarida","genus","40691","Pleistocene","Holocene","2.588","0","5248"
"214140","occ","","","21949","Nycteris thebaica","species","103133","species not entered","Nycteris","genus","103133","Pleistocene","Holocene","2.588","0","5248"
"214141","occ","","","21949","Eptesicus capensis","species","40671","species not entered","Eptesicus","genus","40671","Pleistocene","Holocene","2.588","0","5248"
"214142","occ","","","21949","Eptesicus hottentotus","species","40671","species not entered","Eptesicus","genus","40671","Pleistocene","Holocene","2.588","0","5248"
"214143","occ","","","21949","Scotophilus dinganii","species","40687","species not entered","Scotophilus","genus","40687","Pleistocene","Holocene","2.588","0","5248"
"214154","occ","","","21949","Rhinolophus clivosus","species","40646","species not entered","Rhinolophus","genus","40646","Pleistocene","Holocene","2.588","0","5248"
"214171","occ","","","21949","Rhinolophus hildebrandtii","species","40646","species not entered","Rhinolophus","genus","40646","Pleistocene","Holocene","2.588","0","5248"
"214172","occ","","","21949","Miniopterus schreibersi","species","40676","species not entered","Miniopterus","genus","40676","Pleistocene","Holocene","2.588","0","5248"
"214173","occ","","","21949","Myotis tricolor","species","40678","species not entered","Myotis","genus","40678","Pleistocene","Holocene","2.588","0","5248"
"216893","occ","","","22073","Hipposideros commersoni","species","40649","species not entered","Hipposideros","genus","40649","Holocene","","0.0117","0","5324"
"220131","occ","","","22701","Archaeonycteris trigonodon","species","40630","species not entered","Archaeonycteris","genus","40630","MP 11","","48.6","40.4","5671"
"220132","occ","","","22701","Palaeochiropteryx tupaiodon","species","40634","species not entered","Palaeochiropteryx","genus","40634","MP 11","","48.6","40.4","5671"
"220535","occ","","","21894","Tadarida sp.","genus","40691","","Tadarida","genus","40691","Holocene","","0.0117","0","5210"
"221108","occ","","","22333","Rhinolophus cf. capensis","species","40646","species not entered","Rhinolophus","genus","40646","Pliocene","Pleistocene","5.333","0.0117","4884"
"221114","occ","","","22333","Eptesicus cf. hottentotus","species","40671","species not entered","Eptesicus","genus","40671","Pliocene","Pleistocene","5.333","0.0117","4884"
"221115","occ","","","22333","Myotis cf. tricolor","species","40678","species not entered","Myotis","genus","40678","Pliocene","Pleistocene","5.333","0.0117","4884"
"221116","occ","","","22333","Myotis cf. welwitschii","species","40678","species not entered","Myotis","genus","40678","Pliocene","Pleistocene","5.333","0.0117","4884"
"221141","occ","","","22339","Nycteris sp.","genus","103133","","Nycteris","genus","103133","Pliocene","","5.333","2.588","4887"
"221154","occ","","","22339","Eptesicus cf. hottentotus","species","40671","species not entered","Eptesicus","genus","40671","Pliocene","","5.333","2.588","4887"
"221164","occ","","","22339","Rhinolophus cf. darlingi","species","40646","species not entered","Rhinolophus","genus","40646","Pliocene","","5.333","2.588","4887"
"221165","occ","","","22339","Rhinolophus cf. clivosus","species","40646","species not entered","Rhinolophus","genus","40646","Pliocene","","5.333","2.588","4887"
"221169","occ","","","22339","Eptesicus cf. bottae","species","40671","species not entered","Eptesicus","genus","40671","Pliocene","","5.333","2.588","4887"
"221170","occ","","","22339","Miniopterus sp.","genus","40676","","Miniopterus","genus","40676","Pliocene","","5.333","2.588","4887"
"221185","occ","","","22341","Eptesicus cf. hottentotus","species","40671","species not entered","Eptesicus","genus","40671","Pliocene","","5.333","2.588","5536"
"221195","occ","","","22341","Rhinolophus cf. darlingi","species","40646","species not entered","Rhinolophus","genus","40646","Pliocene","","5.333","2.588","5536"
"221196","occ","","","22341","Rhinolophus cf. clivosus","species","40646","species not entered","Rhinolophus","genus","40646","Pliocene","","5.333","2.588","5536"
"221198","occ","","","22341","Eptesicus cf. bottae","species","40671","species not entered","Eptesicus","genus","40671","Pliocene","","5.333","2.588","5536"
"221199","occ","","","22341","Miniopterus sp.","genus","40676","","Miniopterus","genus","40676","Pliocene","","5.333","2.588","5536"
"221220","occ","","","22353","Rhinolophus cf. darlingi","species","40646","species not entered","Rhinolophus","genus","40646","Pliocene","","5.333","2.588","4887"
"223055","occ","","","21502","Scotophilus sp.","genus","40687","","Scotophilus","genus","40687","Pliocene","Calabrian","5.333","0.781","4734"
"223057","occ","","","21502","Nycteris sp.","genus","103133","","Nycteris","genus","103133","Pliocene","Calabrian","5.333","0.781","4734"
"223265","occ","","","21545","Taphozous abitus","species","40637","species not entered","Taphozous","genus","40637","Gelasian","","2.588","1.806","4769"
"223267","occ","","","21545","Hipposideros kaumbului","species","40649","species not entered","Hipposideros","genus","40649","Gelasian","","2.588","1.806","4769"
"223293","occ","","","21546","Taphozous abitus","species","40637","species not entered","Taphozous","genus","40637","Late Pliocene","Piacenzian","3.6","2.588","4768"
"223305","occ","","","21546","Eidolon cf. helvum","species","158500","species not entered","Eidolon","genus","158500","Late Pliocene","Piacenzian","3.6","2.588","4768"
"223306","occ","","","21546","Hipposideros cf. cyclops","species","40649","species not entered","Hipposideros","genus","40649","Late Pliocene","Piacenzian","3.6","2.588","4768"
"223307","occ","","","21546","Hipposideros cf. camerunensis","species","40649","species not entered","Hipposideros","genus","40649","Late Pliocene","Piacenzian","3.6","2.588","4768"
"227031","occ","","","22073","Rousettus aegyptiacus","species","158501","species not entered","Rousettus","genus","158501","Holocene","","0.0117","0","5324"
"227050","occ","","","22073","Miniopterus schreibersi","species","40676","species not entered","Miniopterus","genus","40676","Holocene","","0.0117","0","5324"
"227058","occ","","","22073","Rousettus angolensis","species","158501","species not entered","Rousettus","genus","158501","Holocene","","0.0117","0","5324"
"227059","occ","","","22073","Rousettus sp.","genus","158501","","Rousettus","genus","158501","Holocene","","0.0117","0","5324"
"227111","occ","","","22074","Rousettus aegyptiacus","species","158501","species not entered","Rousettus","genus","158501","Pleistocene","Holocene","2.588","0","5325"
"227131","occ","","","22074","Rousettus angolensis","species","158501","species not entered","Rousettus","genus","158501","Pleistocene","Holocene","2.588","0","5325"
"227132","occ","","","22074","Rousettus sp.","genus","158501","","Rousettus","genus","158501","Pleistocene","Holocene","2.588","0","5325"
"287047","occ","","","19514","cf. Eptesicus sp.","genus","40671","","Eptesicus","genus","40671","Late Hemphillian","","10.3","4.9","1295"
"287048","occ","","","19514","Myotis sp.","genus","40678","","Myotis","genus","40678","Late Hemphillian","","10.3","4.9","1295"
"340399","occ","","","32103","Rhinolophus sp.","genus","40646","","Rhinolophus","genus","40646","Ruscinian","","5.333","3.2","8633"
"340421","occ","","","32104","Myotis baranensis","species","40678","species not entered","Myotis","genus","40678","Ruscinian","","5.333","3.2","8633"
"340422","occ","","","32104","Plecotus ? sp.","genus","40684","","Plecotus","genus","40684","Ruscinian","","5.333","3.2","8633"
"341488","occ","","","32180","Myotis n. sp. kretzoii","species","40678","species not entered","Myotis","genus","40678","Middle Pleistocene","","0.781","0.126","8666"
"341489","occ","","","32180","Myotis sp.","genus","40678","","Myotis","genus","40678","Middle Pleistocene","","0.781","0.126","8666"
"343560","occ","","","32240","Miniopterus schreibersi","species","40676","species not entered","Miniopterus","genus","40676","MN 14","","4.9","4.2","8865"
"343562","occ","","","32240","Myotis n. sp. podlesicensis","species","40678","species not entered","Myotis","genus","40678","MN 14","","4.9","4.2","8865"
"343563","occ","","","32240","Myotis cf. aemulus","species","40678","species not entered","Myotis","genus","40678","MN 14","","4.9","4.2","8865"
"343564","occ","","","32240","Myotis dasycneme","species","40678","species not entered","Myotis","genus","40678","MN 14","","4.9","4.2","8865"
"344816","occ","","","32485","Myotis cf. exilis","species","40678","species not entered","Myotis","genus","40678","MN 17","","2.588","1.806","8762"
"344817","occ","","","32485","Myotis sp.","genus","40678","","Myotis","genus","40678","MN 17","","2.588","1.806","8762"
"350638","occ","","","32240","Myotis n. sp. danutae","species","40678","species not entered","Myotis","genus","40678","MN 14","","4.9","4.2","8865"
"350639","occ","","","32240","Myotis cf. exilis","species","40678","species not entered","Myotis","genus","40678","MN 14","","4.9","4.2","8865"
"351239","occ","","","33396","Myotis podlesicensis","species","40678","species not entered","Myotis","genus","40678","MN 15","","4.2","3.2","8869"
"351240","occ","","","33396","Myotis cf. aemulus","species","40678","species not entered","Myotis","genus","40678","MN 15","","4.2","3.2","8869"
"351241","occ","","","33396","Myotis danutae","species","40678","species not entered","Myotis","genus","40678","MN 15","","4.2","3.2","8869"
"351242","occ","","","33396","Myotis cf. exilis","species","40678","species not entered","Myotis","genus","40678","MN 15","","4.2","3.2","8869"
"360293","occ","","","34127","Myotis bechsteini","species","40678","species not entered","Myotis","genus","40678","Pleistocene","","2.588","0.0117","8650"
"360294","occ","","","34127","Myotis dasycneme","species","40678","species not entered","Myotis","genus","40678","Pleistocene","","2.588","0.0117","8650"
"360295","occ","","","34127","Myotis emarginatus","species","40678","species not entered","Myotis","genus","40678","Pleistocene","","2.588","0.0117","8650"
"360296","occ","","","34127","Myotis nattereri","species","40678","species not entered","Myotis","genus","40678","Pleistocene","","2.588","0.0117","8650"
"360297","occ","","","34127","Myotis cf. mystacinus","species","40678","species not entered","Myotis","genus","40678","Pleistocene","","2.588","0.0117","8650"
"360357","occ","","","34128","Myotis sp.","genus","40678","","Myotis","genus","40678","Pleistocene","","2.588","0.0117","8987"
"368277","occ","","","34842","Myotis sp.","genus","40678","","Myotis","genus","40678","Middle Pleistocene","","0.781","0.126","9314"
"368541","occ","","","34870","Myotis sp.","genus","40678","","Myotis","genus","40678","Pleistocene","","2.588","0.0117","9346"
"368542","occ","","","34870","Rhinolophus sp.","genus","40646","","Rhinolophus","genus","40646","Pleistocene","","2.588","0.0117","9346"
"368543","occ","","","34870","Miniopterus schreibersii","species","40676","species not entered","Miniopterus","genus","40676","Pleistocene","","2.588","0.0117","9346"
"368635","occ","","","34872","Myotis sp.","genus","40678","","Myotis","genus","40678","Pleistocene","","2.588","0.0117","9346"
"368636","occ","","","34872","Rhinolophus sp.","genus","40646","","Rhinolophus","genus","40646","Pleistocene","","2.588","0.0117","9346"
"368637","occ","","","34872","Miniopterus schreibersii","species","40676","species not entered","Miniopterus","genus","40676","Pleistocene","","2.588","0.0117","9346"
"369033","occ","","","34911","Myotis sp.","genus","40678","","Myotis","genus","40678","Early Pleistocene","","2.588","0.781","9372"
"369035","occ","","","34911","Rhinolophus cf. mehelyi","species","40646","species not entered","Rhinolophus","genus","40646","Early Pleistocene","","2.588","0.781","9372"
"369036","occ","","","34911","Miniopterus sp.","genus","40676","","Miniopterus","genus","40676","Early Pleistocene","","2.588","0.781","9372"
"370320","occ","","","26752","Rhinolophus sp.","genus","40646","","Rhinolophus","genus","40646","Late Miocene","","11.608","5.333","9426"
"370322","occ","","","26752","Myotis sp.","genus","40678","","Myotis","genus","40678","Late Miocene","","11.608","5.333","9426"
"370324","occ","","","26752","Tadarida sp.","genus","40691","","Tadarida","genus","40691","Late Miocene","","11.608","5.333","9426"
"374135","occ","","","35369","Myotis baranensis","species","40678","species not entered","Myotis","genus","40678","Villanyian","","3.2","2.588","9534"
"374136","occ","","","35369","Myotis steiningeri","species","40678","species not entered","Myotis","genus","40678","Villanyian","","3.2","2.588","9534"
"374137","occ","","","35369","Myotis schaubi","species","40678","species not entered","Myotis","genus","40678","Villanyian","","3.2","2.588","9534"
"374138","occ","","","35369","Myotis wuesti","species","40678","species not entered","Myotis","genus","40678","Villanyian","","3.2","2.588","9534"
"374139","occ","","","35369","Vespertilio majori","species","40692","species not entered","Vespertilio","genus","40692","Villanyian","","3.2","2.588","9534"
"374199","occ","","","35370","Myotis cf. schaubi","species","40678","species not entered","Myotis","genus","40678","Villanyian","","3.2","2.588","9534"
"374200","occ","","","35370","Myotis sp.","genus","40678","","Myotis","genus","40678","Villanyian","","3.2","2.588","9534"
"374201","occ","","","35370","Myotis cf. dasycneme","species","40678","species not entered","Myotis","genus","40678","Villanyian","","3.2","2.588","9534"
"374202","occ","","","35370","Plecotus sp.","genus","40684","","Plecotus","genus","40684","Villanyian","","3.2","2.588","9534"
"375124","occ","","","35431","Rhinolophus sp.","genus","40646","","Rhinolophus","genus","40646","Early Pleistocene","","2.588","0.781","9534"
"375125","occ","","","35431","Plecotus sp.","genus","40684","","Plecotus","genus","40684","Early Pleistocene","","2.588","0.781","9534"
"375126","occ","","","35431","Myotis cf. dasycneme","species","40678","species not entered","Myotis","genus","40678","Early Pleistocene","","2.588","0.781","9534"
"375127","occ","","","35431","Myotis cf. gundersheimensis","species","40678","species not entered","Myotis","genus","40678","Early Pleistocene","","2.588","0.781","9534"
"375128","occ","","","35431","Myotis cf. schaubi","species","40678","species not entered","Myotis","genus","40678","Early Pleistocene","","2.588","0.781","9534"
"375129","occ","","","35431","Myotis cf. daubentoni","species","40678","species not entered","Myotis","genus","40678","Early Pleistocene","","2.588","0.781","9534"
"375130","occ","","","35431","Myotis sp.","genus","40678","","Myotis","genus","40678","Early Pleistocene","","2.588","0.781","9534"
"375131","occ","","","35431","Miniopterus sp.","genus","40676","","Miniopterus","genus","40676","Early Pleistocene","","2.588","0.781","9534"
"375475","occ","","","35442","Myotis wuesti","species","40678","species not entered","Myotis","genus","40678","Early Pleistocene","","2.588","0.781","9534"
"375476","occ","","","35442","Myotis emarginatus","species","40678","species not entered","Myotis","genus","40678","Early Pleistocene","","2.588","0.781","9534"
"375477","occ","","","35442","Myotis dasycneme","species","40678","species not entered","Myotis","genus","40678","Early Pleistocene","","2.588","0.781","9534"
"375681","occ","","","35459","Myotis cf. wuesti","species","40678","species not entered","Myotis","genus","40678","Early Pleistocene","","2.588","0.781","9534"
"375966","occ","","","35472","Myotis cf. mystacinus","species","40678","species not entered","Myotis","genus","40678","Middle Pleistocene","","0.781","0.126","9534"
"375967","occ","","","35472","Myotis bechsteini","species","40678","species not entered","Myotis","genus","40678","Middle Pleistocene","","0.781","0.126","9534"
"375968","occ","","","35472","Myotis cf. gundersheimensis","species","40678","species not entered","Myotis","genus","40678","Middle Pleistocene","","0.781","0.126","9534"
"375969","occ","","","35472","Myotis baranensis","species","40678","species not entered","Myotis","genus","40678","Middle Pleistocene","","0.781","0.126","9534"
"375970","occ","","","35472","Myotis cf. delicatus","species","40678","species not entered","Myotis","genus","40678","Middle Pleistocene","","0.781","0.126","9534"
"375971","occ","","","35472","Myotis dasycneme","species","40678","species not entered","Myotis","genus","40678","Middle Pleistocene","","0.781","0.126","9534"
"375972","occ","","","35472","Eptesicus cf. nilssonii","species","40671","species not entered","Eptesicus","genus","40671","Middle Pleistocene","","0.781","0.126","9534"
"375973","occ","","","35472","Barbastella cf. leucomelas","species","40667","species not entered","Barbastella","genus","40667","Middle Pleistocene","","0.781","0.126","9534"
"376063","occ","","","35476","Rhinolophus cf. hipposideros","species","40646","species not entered","Rhinolophus","genus","40646","Middle Pleistocene","","0.781","0.126","9534"
"376064","occ","","","35476","Rhinolophus cf. mehelyi","species","40646","species not entered","Rhinolophus","genus","40646","Middle Pleistocene","","0.781","0.126","9534"
"376065","occ","","","35476","Myotis cf. oxygnathus","species","40678","species not entered","Myotis","genus","40678","Middle Pleistocene","","0.781","0.126","9534"
"376066","occ","","","35476","Myotis cf. daubentoni","species","40678","species not entered","Myotis","genus","40678","Middle Pleistocene","","0.781","0.126","9534"
"376067","occ","","","35476","Myotis cf. dasycneme","species","40678","species not entered","Myotis","genus","40678","Middle Pleistocene","","0.781","0.126","9534"
"376068","occ","","","35476","Myotis cf. mystacinus","species","40678","species not entered","Myotis","genus","40678","Middle Pleistocene","","0.781","0.126","9534"
"376069","occ","","","35476","Myotis cf. emarginatus","species","40678","species not entered","Myotis","genus","40678","Middle Pleistocene","","0.781","0.126","9534"
"376070","occ","","","35476","Myotis cf. bechsteini","species","40678","species not entered","Myotis","genus","40678","Middle Pleistocene","","0.781","0.126","9534"
"376071","occ","","","35476","Myotis nattereri","species","40678","species not entered","Myotis","genus","40678","Middle Pleistocene","","0.781","0.126","9534"
"376072","occ","","","35476","Myotis cf. brandti","species","40678","species not entered","Myotis","genus","40678","Middle Pleistocene","","0.781","0.126","9534"
"376073","occ","","","35476","Myotis cf. frater","species","40678","species not entered","Myotis","genus","40678","Middle Pleistocene","","0.781","0.126","9534"
"376074","occ","","","35476","Myotis baranensis","species","40678","species not entered","Myotis","genus","40678","Middle Pleistocene","","0.781","0.126","9534"
"376075","occ","","","35476","Myotis schaubi","species","40678","species not entered","Myotis","genus","40678","Middle Pleistocene","","0.781","0.126","9534"
"376076","occ","","","35476","Myotis n. sp. sp.","genus","40678","","Myotis","genus","40678","Middle Pleistocene","","0.781","0.126","9534"
"376078","occ","","","35476","Barbastella barbastellus","species","40667","species not entered","Barbastella","genus","40667","Middle Pleistocene","","0.781","0.126","9534"
"376079","occ","","","35476","Eptesicus sp.","genus","40671","","Eptesicus","genus","40671","Middle Pleistocene","","0.781","0.126","9534"
"376080","occ","","","35476","Vespertilio ? sp.","genus","40692","","Vespertilio","genus","40692","Middle Pleistocene","","0.781","0.126","9534"
"376081","occ","","","35476","Nyctalus n. sp. sp.","genus","40679","","Nyctalus","genus","40679","Middle Pleistocene","","0.781","0.126","9534"
"376082","occ","","","35476","Miniopterus cf. schreibersi","species","40676","species not entered","Miniopterus","genus","40676","Middle Pleistocene","","0.781","0.126","9534"
"379643","occ","","","35907","Myotis bechsteini","species","40678","species not entered","Myotis","genus","40678","Early Pleistocene","Middle Pleistocene","2.588","0.126","9643"
"379644","occ","","","35907","Myotis schaubi","species","40678","species not entered","Myotis","genus","40678","Early Pleistocene","Middle Pleistocene","2.588","0.126","9643"
"379645","occ","","","35907","Myotis cf. nattereri","species","40678","species not entered","Myotis","genus","40678","Early Pleistocene","Middle Pleistocene","2.588","0.126","9643"
"381356","occ","","","36214","Rhinolophus sp.","genus","40646","","Rhinolophus","genus","40646","Middle Pleistocene","","0.781","0.126","9643"
"381357","occ","","","36214","Myotis sp.","genus","40678","","Myotis","genus","40678","Middle Pleistocene","","0.781","0.126","9643"
"381358","occ","","","36214","Vespertilio sp.","genus","40692","","Vespertilio","genus","40692","Middle Pleistocene","","0.781","0.126","9643"
"381460","occ","","","36219","Myotis dasycneme","species","40678","species not entered","Myotis","genus","40678","Middle Pleistocene","","0.781","0.126","9643"
"381461","occ","","","36219","Myotis cf. mystacinus","species","40678","species not entered","Myotis","genus","40678","Middle Pleistocene","","0.781","0.126","9643"
"386554","occ","","","36875","Vespertiliavus lapradensis","species","40638","species not entered","Vespertiliavus","genus","40638","MP 13","MP 14","48.6","40.4","9873"
"386556","occ","","","36875","Necromantis cf. adichaster","species","40643","species not entered","Necromantis","genus","40643","MP 13","MP 14","48.6","40.4","9873"
"386557","occ","","","36875","Stehlinia ruetimeyeri","species","40689","species not entered","Stehlinia","genus","40689","MP 13","MP 14","48.6","40.4","9873"
"386558","occ","","","36875","Stehlinia cf. pusilla","species","40689","species not entered","Stehlinia","genus","40689","MP 13","MP 14","48.6","40.4","9873"
"387604","occ","","","37050","cf. Taphozous sp.","genus","40637","","Taphozous","genus","40637","Burdigalian","","20.44","15.97","9929"
"387606","occ","","","37050","Hipposideros sp.","genus","40649","","Hipposideros","genus","40649","Burdigalian","","20.44","15.97","9929"
"387610","occ","","","37050","Tadarida helveticus","species","40691","species not entered","Tadarida","genus","40691","Burdigalian","","20.44","15.97","9929"
"391397","occ","","","37518","Myotis aff. misonnei","species","40678","species not entered","Myotis","genus","40678","MP 24","","33.9","28.4","10040"
"407981","occ","","","39251","Megaderma watwat","species","40642","species not entered","Megaderma","genus","40642","Pleistocene","","2.588","0.0117","10604"
"407992","occ","","","39252","Myotis cf. baranensis","species","40678","species not entered","Myotis","genus","40678","Pleistocene","","2.588","0.0117","10604"
"407993","occ","","","39252","Rhinolophus sp.","genus","40646","","Rhinolophus","genus","40646","Pleistocene","","2.588","0.0117","10604"
"411501","occ","","","39797","Rhinolophus sp.","genus","40646","","Rhinolophus","genus","40646","Early Pleistocene","","2.588","0.781","10779"
"411502","occ","","","39797","Myotis dasycneme","species","40678","species not entered","Myotis","genus","40678","Early Pleistocene","","2.588","0.781","10779"
"411503","occ","","","39797","Myotis schaubi","species","40678","species not entered","Myotis","genus","40678","Early Pleistocene","","2.588","0.781","10779"
"411504","occ","","","39797","Myotis sp.","genus","40678","","Myotis","genus","40678","Early Pleistocene","","2.588","0.781","10779"
"420006","occ","","","40808","Miniopterus schreibersii","species","40676","species not entered","Miniopterus","genus","40676","Middle Pleistocene","","0.781","0.126","11028"
"421622","occ","11581","","40995","Myotis cf. blythi","species","40678","species not entered","Myotis","genus","40678","Early Pleistocene","","2.588","0.781","11051"
"421623","occ","","","40995","Myotis sp.","genus","40678","","Myotis","genus","40678","Early Pleistocene","","2.588","0.781","11570"
"421632","occ","","","40997","Myotis cf. blythi","species","40678","species not entered","Myotis","genus","40678","Early Pleistocene","","2.588","0.781","11051"
"421633","occ","","","40997","Myotis sp.","genus","40678","","Myotis","genus","40678","Early Pleistocene","","2.588","0.781","11051"
"421634","occ","","","40997","Miniopterus sp.","genus","40676","","Miniopterus","genus","40676","Early Pleistocene","","2.588","0.781","11051"
"421644","occ","","","40998","Myotis cf. blythi","species","40678","species not entered","Myotis","genus","40678","Early Pleistocene","","2.588","0.781","11051"
"421649","occ","","","40999","Myotis cf. blythi","species","40678","species not entered","Myotis","genus","40678","Early Pleistocene","","2.588","0.781","11051"
"421659","occ","","","41000","Myotis cf. blythi","species","40678","species not entered","Myotis","genus","40678","Early Pleistocene","","2.588","0.781","11051"
"421671","occ","","","41001","Myotis cf. blythi","species","40678","species not entered","Myotis","genus","40678","Early Pleistocene","","2.588","0.781","11051"
"429267","occ","","","41932","Vespertilio sp.","genus","40692","","Vespertilio","genus","40692","Pliocene","","5.333","2.588","11202"
"436652","occ","","","33638","Rhinolophus kowalskii","species","40646","species not entered","Rhinolophus","genus","40646","MN 16","","3.2","2.588","11342"
"436653","occ","","","33638","Rhinolophus neglectus","species","40646","species not entered","Rhinolophus","genus","40646","MN 16","","3.2","2.588","11342"
"442251","occ","","","41810","Shanwangia unexpectula","species","68706","species not entered","Shanwangia","genus","68706","Astaracian","","15.97","11.608","11442"
"442281","occ","","","41813","Myotis sp.","genus","40678","","Myotis","genus","40678","Burdigalian","","20.44","15.97","11443"
"442582","occ","","","43619","Miniopterus schreibersii","species","40676","species not entered","Miniopterus","genus","40676","Late Pleistocene","","0.126","0.0117","11457"
"442584","occ","","","43619","Myotis bechsteini","species","40678","species not entered","Myotis","genus","40678","Late Pleistocene","","0.126","0.0117","11457"
"442585","occ","","","43619","Myotis cf. emarginatus","species","40678","species not entered","Myotis","genus","40678","Late Pleistocene","","0.126","0.0117","11457"
"442586","occ","","","43619","Myotis cf. nattereri","species","40678","species not entered","Myotis","genus","40678","Late Pleistocene","","0.126","0.0117","11457"
"442653","occ","","","43629","Myotis bechsteini","species","40678","species not entered","Myotis","genus","40678","Late Pleistocene","","0.126","0.0117","11457"
"442697","occ","","","43631","Myotis bechsteini","species","40678","species not entered","Myotis","genus","40678","Late Pleistocene","","0.126","0.0117","11457"
"442698","occ","","","43631","Myotis cf. emarginatus","species","40678","species not entered","Myotis","genus","40678","Late Pleistocene","","0.126","0.0117","11457"
"442699","occ","","","43631","Myotis cf. nattereri","species","40678","species not entered","Myotis","genus","40678","Late Pleistocene","","0.126","0.0117","11457"
"442895","occ","","","43644","Vespertilio sp.","genus","40692","","Vespertilio","genus","40692","Early Pleistocene","","2.588","0.781","11465"
"447667","occ","","","12848","Rhinolophus sp.","genus","40646","","Rhinolophus","genus","40646","Priabonian","","38","33.9","11573"
"447668","occ","","","12848","Vespertiliavus ? sp.","genus","40638","","Vespertiliavus","genus","40638","Priabonian","","38","33.9","11573"
"447681","occ","","","31583","Vespertiliavus bourguignati","species","40638","species not entered","Vespertiliavus","genus","40638","Early Oligocene","","33.9","28.4","11574"
"447682","occ","","","31583","Palaeophyllophora sanctaeneboulae","species","67834","species not entered","Palaeophyllophora","genus","67834","Early Oligocene","","33.9","28.4","11574"
"447683","occ","","","31583","Pseudorhinolophus sp.","genus","67835","","Pseudorhinolophus","genus","67835","Early Oligocene","","33.9","28.4","11574"
"450313","occ","","","44219","Myotis sp.","genus","40678","","Myotis","genus","40678","Turolian","","8.7","5.333","11436"
"450314","occ","","","44219","Eptesicus sp.","genus","40671","","Eptesicus","genus","40671","Turolian","","8.7","5.333","11436"
"450315","occ","","","44219","Pipistrellus sp.","genus","40683","","Pipistrellus","genus","40683","Turolian","","8.7","5.333","11436"
"451933","occ","","","44223","Myotis sp.","genus","40678","","Myotis","genus","40678","Turolian","","8.7","5.333","11436"
"451934","occ","","","44223","Eptesicus sp.","genus","40671","","Eptesicus","genus","40671","Turolian","","8.7","5.333","11436"
"451935","occ","","","44223","Pipistrellus sp.","genus","40683","","Pipistrellus","genus","40683","Turolian","","8.7","5.333","11436"
"451936","occ","","","44223","Plecotus sp.","genus","40684","","Plecotus","genus","40684","Turolian","","8.7","5.333","11436"
"451963","occ","","","44224","Pipistrellus sp.","genus","40683","","Pipistrellus","genus","40683","Turolian","","8.7","5.333","11436"
"451964","occ","","","44224","Plecotus sp.","genus","40684","","Plecotus","genus","40684","Turolian","","8.7","5.333","11436"
"455785","occ","","","12840","Vespertiliavus cf. schlosseri","species","40638","species not entered","Vespertiliavus","genus","40638","Bartonian","","41.3","38","11650"
"455786","occ","","","12840","Vespertiliavus informal indet. 1","species","40638","species not entered","Vespertiliavus","genus","40638","Bartonian","","41.3","38","11650"
"455787","occ","","","12840","Vespertiliavus informal indet. 2","species","40638","species not entered","Vespertiliavus","genus","40638","Bartonian","","41.3","38","11650"
"455790","occ","","","12840","Hipposideros n. sp. trassounius","species","40649","species not entered","Hipposideros","genus","40649","Bartonian","","41.3","38","11650"
"456665","occ","","","13322","Matthesia n. sp. germanica","species","40633","species not entered","Matthesia","genus","40633","Lutetian","","47.8","41.3","11714"
"456666","occ","","","13322","Matthesia ? n. sp. insolita","species","40633","species not entered","Matthesia","genus","40633","Lutetian","","47.8","41.3","11714"
"466289","occ","","","46284","Myotis sp.","genus","40678","","Myotis","genus","40678","MN 4","","16.9","15.97","12335"
"474184","occ","","","12841","cf. Hipposideros informal sp.2","species","40649","species not entered","Hipposideros","genus","40649","Priabonian","","38","33.9","7272"
"474185","occ","","","12841","Palaeophyllophora informal sp.1","species","67834","species not entered","Palaeophyllophora","genus","67834","Priabonian","","38","33.9","7272"
"474187","occ","","","12841","Rhinolophus informal sp.2","species","40646","species not entered","Rhinolophus","genus","40646","Priabonian","","38","33.9","7272"
"474188","occ","","","12841","cf. Vespertiliavus wingei","species","40638","species not entered","Vespertiliavus","genus","40638","Priabonian","","38","33.9","7272"
"474189","occ","","","12841","Vespertiliavus sp.","genus","40638","","Vespertiliavus","genus","40638","Priabonian","","38","33.9","7272"
"474333","occ","","","12849","Hipposideros informal sp.2","species","40649","species not entered","Hipposideros","genus","40649","Priabonian","","38","33.9","7272"
"474337","occ","","","12849","Vespertiliavus sp.","genus","40638","","Vespertiliavus","genus","40638","Priabonian","","38","33.9","7272"
"474339","occ","","","12849","cf. Tadarida sp.","genus","40691","","Tadarida","genus","40691","Priabonian","","38","33.9","7272"
"474385","occ","","","12852","cf. Tadarida sp.","genus","40691","","Tadarida","genus","40691","Priabonian","","38","33.9","7272"
"474423","occ","","","12850","Hipposideros informal sp.2","species","40649","species not entered","Hipposideros","genus","40649","Late Eocene","","37.2","33.9","7272"
"474425","occ","","","12850","Necromantis adichaster","species","40643","species not entered","Necromantis","genus","40643","Late Eocene","","37.2","33.9","7272"
"474427","occ","","","12850","Vespertiliavus wingei","species","40638","species not entered","Vespertiliavus","genus","40638","Late Eocene","","37.2","33.9","7272"
"474428","occ","","","12850","Vespertiliavus sp.","genus","40638","","Vespertiliavus","genus","40638","Late Eocene","","37.2","33.9","7272"
"474430","occ","","","12850","cf. Stehlinia minor","species","40689","species not entered","Stehlinia","genus","40689","Late Eocene","","37.2","33.9","7272"
"474431","occ","","","12850","Stehlinia quercyi","species","40689","species not entered","Stehlinia","genus","40689","Late Eocene","","37.2","33.9","7272"
"474432","occ","","","12850","cf. Tadarida sp.","genus","40691","","Tadarida","genus","40691","Late Eocene","","37.2","33.9","7272"
"475293","occ","","","40031","Nyctinomus ? sp.","genus","40695","","Nyctinomus","genus","40695","Burdigalian","","20.44","15.97","10124"
"490044","occ","","","49421","Tadarida sp.","genus","40691","","Tadarida","genus","40691","MN 7 + 8","","12.75","11.1","13210"
"492228","occ","","","31764","Palaeophyllophora sp.","genus","67834","","Palaeophyllophora","genus","67834","Priabonian","","38","33.9","12515"
"492233","occ","","","31764","cf. Tadarida informal sp.2","species","40691","species not entered","Tadarida","genus","40691","Priabonian","","38","33.9","12515"
"492246","occ","","","31756","Stehlinia sp.","genus","40689","","Stehlinia","genus","40689","Priabonian","","38","33.9","13339"
"493227","occ","","","49816","Nyctalus noctula","species","40679","species not entered","Nyctalus","genus","40679","Middle Pleistocene","","0.781","0.126","13380"
"497489","occ","","","50249","Myotis bechsteini","species","40678","species not entered","Myotis","genus","40678","Middle Pleistocene","","0.781","0.126","9643"
"497490","occ","","","50249","Myotis cf. nattereri","species","40678","species not entered","Myotis","genus","40678","Middle Pleistocene","","0.781","0.126","9643"
"497491","occ","","","50249","Myotis exilis","species","40678","species not entered","Myotis","genus","40678","Middle Pleistocene","","0.781","0.126","9643"
"497493","occ","","","50249","Barbastella barbastella","species","40667","species not entered","Barbastella","genus","40667","Middle Pleistocene","","0.781","0.126","9643"
"497494","occ","","","50249","Eptesicus cf. nilssoni","species","40671","species not entered","Eptesicus","genus","40671","Middle Pleistocene","","0.781","0.126","9643"
"497622","occ","","","50258","Rhinolophus cf. hipposideros","species","40646","species not entered","Rhinolophus","genus","40646","Middle Pleistocene","","0.781","0.126","9643"
"497623","occ","","","50258","Myotis blythi","species","40678","species not entered","Myotis","genus","40678","Middle Pleistocene","","0.781","0.126","9643"
"497624","occ","","","50258","Myotis bechsteini","species","40678","species not entered","Myotis","genus","40678","Middle Pleistocene","","0.781","0.126","9643"
"497625","occ","","","50258","Myotis emarginatus","species","40678","species not entered","Myotis","genus","40678","Middle Pleistocene","","0.781","0.126","9643"
"497626","occ","","","50258","Myotis cf. mystacinus","species","40678","species not entered","Myotis","genus","40678","Middle Pleistocene","","0.781","0.126","9643"
"497627","occ","","","50258","Myotis exilis","species","40678","species not entered","Myotis","genus","40678","Middle Pleistocene","","0.781","0.126","9643"
"497628","occ","","","50258","Plecotus abeli","species","40684","species not entered","Plecotus","genus","40684","Middle Pleistocene","","0.781","0.126","9643"
"497629","occ","","","50258","Barbastella schadleri","species","40667","species not entered","Barbastella","genus","40667","Middle Pleistocene","","0.781","0.126","9643"
"497630","occ","","","50258","Pipistrellus cf. savii","species","40683","species not entered","Pipistrellus","genus","40683","Middle Pleistocene","","0.781","0.126","9643"
"497631","occ","","","50258","Pipistrellus sp.","genus","40683","","Pipistrellus","genus","40683","Middle Pleistocene","","0.781","0.126","9643"
"497633","occ","","","50258","Eptesicus serotinus","species","40671","species not entered","Eptesicus","genus","40671","Middle Pleistocene","","0.781","0.126","9643"
"497634","occ","","","50258","Nyctalus noctula","species","40679","species not entered","Nyctalus","genus","40679","Middle Pleistocene","","0.781","0.126","9643"
"497673","occ","","","50259","Myotis sp.","genus","40678","","Myotis","genus","40678","Middle Pleistocene","","0.781","0.126","9643"
"507502","occ","","","51504","Myotis cf. bechsteini","species","40678","species not entered","Myotis","genus","40678","Middle Pleistocene","Late Pleistocene","0.781","0.0117","13691"
"510974","occ","13209","","51778","Myotis blythi","species","40678","species not entered","Myotis","genus","40678","Early Pleistocene","","2.588","0.781","13182"
"510975","occ","","","51778","Myotis ex gr. schaubi","species","40678","species not entered","Myotis","genus","40678","Early Pleistocene","","2.588","0.781","13786"
"510976","occ","","","51778","Myotis sp.","genus","40678","","Myotis","genus","40678","Early Pleistocene","","2.588","0.781","13786"
"510977","occ","","","51778","Tadarida ? sp.","genus","40691","","Tadarida","genus","40691","Early Pleistocene","","2.588","0.781","13786"
"598818","occ","","","63515","cf. Micronycteris sp.","genus","117402","","Micronycteris","genus","117402","Late Pleistocene","","0.126","0.0117","18256"
"598820","occ","","","63515","Rhogeessa sp.","genus","117403","","Rhogeessa","genus","117403","Late Pleistocene","","0.126","0.0117","18256"
"599266","occ","","","63567","Myotis sp.","genus","40678","","Myotis","genus","40678","Late Pleistocene","Holocene","0.126","0","18288"
"599289","occ","","","63566","Myotis sp.","genus","40678","","Myotis","genus","40678","Late Pleistocene","Holocene","0.126","0","18288"
"599312","occ","","","63564","Myotis sp.","genus","40678","","Myotis","genus","40678","Late Pleistocene","Holocene","0.126","0","18288"
"599326","occ","","","63565","Myotis sp.","genus","40678","","Myotis","genus","40678","Late Pleistocene","Holocene","0.126","0","18288"
"599327","occ","","","63565","Pipistrellus sp.","genus","40683","","Pipistrellus","genus","40683","Late Pleistocene","Holocene","0.126","0","18288"
"599354","occ","","","63568","Myotis sp.","genus","40678","","Myotis","genus","40678","Late Pleistocene","Holocene","0.126","0","18288"
"599355","occ","","","63568","Pipistrellus sp.","genus","40683","","Pipistrellus","genus","40683","Late Pleistocene","Holocene","0.126","0","18288"
"599371","occ","","","63569","Myotis sp.","genus","40678","","Myotis","genus","40678","Late Pleistocene","Holocene","0.126","0","18288"
"599419","occ","","","63571","Myotis sp.","genus","40678","","Myotis","genus","40678","Late Pleistocene","Holocene","0.126","0","18288"
"599839","occ","","","63724","Myotis sp.","genus","40678","","Myotis","genus","40678","Holocene","","0.0117","0","18307"
"599840","occ","","","63724","cf. Myotis sp.","genus","40678","","Myotis","genus","40678","Holocene","","0.0117","0","18307"
"599842","occ","","","63724","Tadarida sp.","genus","40691","","Tadarida","genus","40691","Holocene","","0.0117","0","18307"
"600963","occ","","","63885","Leptonycteris curasoae","species","40656","species not entered","Leptonycteris","genus","40656","Holocene","","0.0117","0","18355"
"623814","occ","","","32649","Paleptesicus cf. noctuloides","species","40682","species not entered","Paleptesicus","genus","40682","MN 11","","8.7","7.75","19062"
"623815","occ","","","66946","cf. Paleptesicus noctuloides","species","40682","species not entered","Paleptesicus","genus","40682","MN 10","","9.7","8.7","19062"
"623816","occ","","","66945","Paleptesicus cf. noctuloides","species","40682","species not entered","Paleptesicus","genus","40682","MN 10","","9.7","8.7","19062"
"623818","occ","","","66943","Paleptesicus cf. noctuloides","species","40682","species not entered","Paleptesicus","genus","40682","MN 9","","11.1","9.7","19062"
"623820","occ","","","66942","Paleptesicus noctuloides","species","40682","species not entered","Paleptesicus","genus","40682","MN 9","","11.1","9.7","19062"
"623821","occ","","","66946","cf. Myotis sp.","genus","40678","","Myotis","genus","40678","MN 10","","9.7","8.7","19062"
"623822","occ","","","66945","cf. Myotis sp.","genus","40678","","Myotis","genus","40678","MN 10","","9.7","8.7","19062"
"623823","occ","","","66943","cf. Myotis sp.","genus","40678","","Myotis","genus","40678","MN 9","","11.1","9.7","19062"
"632270","occ","","","37789","cf. Myotis sp.","genus","40678","","Myotis","genus","40678","MN 11","","8.7","7.75","19465"
"632271","occ","","","37789","Plecotus sp.","genus","40684","","Plecotus","genus","40684","MN 11","","8.7","7.75","19465"
"635202","occ","","","68341","Rhinolophus ? hildebrandti","species","40646","species not entered","Rhinolophus","genus","40646","Middle Pleistocene","","0.781","0.126","19671"
"635203","occ","","","68341","Hipposideros ? commersoni","species","40649","species not entered","Hipposideros","genus","40649","Middle Pleistocene","","0.781","0.126","19671"
"635204","occ","","","68340","Miniopterus schreibersi","species","40676","species not entered","Miniopterus","genus","40676","Middle Pleistocene","","0.781","0.126","19671"
"635205","occ","","","68341","Miniopterus schreibersi","species","40676","species not entered","Miniopterus","genus","40676","Middle Pleistocene","","0.781","0.126","19671"
"635206","occ","","","68342","Miniopterus schreibersi","species","40676","species not entered","Miniopterus","genus","40676","Middle Pleistocene","","0.781","0.126","19671"
"635588","occ","","","68380","Myotis sp.","genus","40678","","Myotis","genus","40678","Early Pleistocene","","2.588","0.781","19685"
"635589","occ","","","68380","Murina cf. aurata","species","109084","species not entered","Murina","genus","109084","Early Pleistocene","","2.588","0.781","19685"
"635591","occ","","","68380","Hipposideros sp.","genus","40649","","Hipposideros","genus","40649","Early Pleistocene","","2.588","0.781","19685"
"636325","occ","","","68438","Hassianycteris joeli","species","178571","species not entered","Hassianycteris","genus","178571","Ypresian","","56","47.8","19707"
"637073","occ","","","68570","cf. Eptesicus sp.","genus","40671","","Eptesicus","genus","40671","MN 15","","4.2","3.2","19450"
"639024","occ","","","68775","Macroderma sp.","genus","94084","","Macroderma","genus","94084","Late Miocene","","11.608","5.333","19849"
"639419","occ","","","21855","Rhinolophus sp.","genus","40646","","Rhinolophus","genus","40646","Early Miocene","Middle Miocene","23.03","11.608","19863"
"647039","occ","","","17709","""Myotis"" sp.","genus","40678","","Myotis","genus","40678","Geringian","","30.8","26.3","19303"
"661454","occ","","","71263","Myotis sp.","genus","40678","","Myotis","genus","40678","Late Pleistocene","Holocene","0.126","0","24053"
"661456","occ","","","71263","Tadarida sp.","genus","40691","","Tadarida","genus","40691","Late Pleistocene","Holocene","0.126","0","24053"
"661492","occ","","","71264","Myotis sp.","genus","40678","","Myotis","genus","40678","Late Pleistocene","","0.126","0.0117","24062"
"661906","occ","","","71313","Mormoops megalophylla","species","40657","species not entered","Mormoops","genus","40657","Late Pleistocene","Holocene","0.126","0","24122"
"661909","occ","","","71313","Lonchophylla mordax","species","159110","species not entered","Lonchophylla","genus","159110","Late Pleistocene","Holocene","0.126","0","24122"
"661912","occ","","","71313","Eptesicus brasiliensis","species","40671","species not entered","Eptesicus","genus","40671","Late Pleistocene","Holocene","0.126","0","24122"
"662232","occ","","","71346","Eptesicus sp.","genus","40671","","Eptesicus","genus","40671","Late Pleistocene","","0.126","0.0117","24009"
"691226","occ","","","74474","Mormoops megalophyla","species","40657","species not entered","Mormoops","genus","40657","Holocene","","0.0117","0","1326"
"691620","occ","","","74496","Myotis sp.","genus","40678","","Myotis","genus","40678","Late Pleistocene","","0.126","0.0117","24991"
"691625","occ","","","74497","Myotis sp.","genus","40678","","Myotis","genus","40678","Late Pleistocene","","0.126","0.0117","24993"
"700870","occ","","","75300","Myotis aff. annectans","species","40678","species not entered","Myotis","genus","40678","Early Pliocene","","5.333","3.6","25440"
"700871","occ","","","75300","Myotis cf. horsfieldii","species","40678","species not entered","Myotis","genus","40678","Early Pliocene","","5.333","3.6","25440"
"700872","occ","","","75300","Myotis sp.","genus","40678","","Myotis","genus","40678","Early Pliocene","","5.333","3.6","25440"
"700873","occ","","","75300","Vespertilio cf. sinensis","species","40692","species not entered","Vespertilio","genus","40692","Early Pliocene","","5.333","3.6","25440"
"700874","occ","","","75300","Murina sp.","genus","109084","","Murina","genus","109084","Early Pliocene","","5.333","3.6","25440"
"709921","occ","","","76059","Plecotus sp.","genus","40684","","Plecotus","genus","40684","Late Pleistocene","","0.126","0.0117","25748"
"709924","occ","","","76059","Tadarida macrotis","species","40691","species not entered","Tadarida","genus","40691","Late Pleistocene","","0.126","0.0117","25748"
"710001","occ","","","76060","Plecotus sp.","genus","40684","","Plecotus","genus","40684","Late Pleistocene","","0.126","0.0117","25748"
"717440","occ","","","77030","Scotophilus n. sp. sp.","genus","40687","","Scotophilus","genus","40687","Middle Miocene","","15.97","11.608","26069"
"732842","occ","","","78640","Macrotus waterhousii","species","159106","species not entered","Macrotus","genus","159106","Late Pleistocene","","0.126","0.0117","26442"
"732843","occ","","","78640","Artibeus anthonyi","species","159104","species not entered","Artibeus","genus","159104","Late Pleistocene","","0.126","0.0117","26442"
"732846","occ","","","78640","Brachyphylla nana","species","159105","species not entered","Brachyphylla","genus","159105","Late Pleistocene","","0.126","0.0117","26442"
"740916","occ","","","20302","Myotis sp.","genus","40678","","Myotis","genus","40678","Irvingtonian","","1.8","0.3","26764"
"740977","occ","","","79683","Myotis sp.","genus","40678","","Myotis","genus","40678","Late Pleistocene","","0.126","0.0117","26776"
"741187","occ","","","59167","Eptesicus sp.","genus","40671","","Eptesicus","genus","40671","Messinian","Piacenzian","7.246","2.588","5401"
"781618","occ","","","84195","Myotis sp.","genus","40678","","Myotis","genus","40678","Late Pleistocene","","0.126","0.0117","28192"
"781620","occ","","","84195","Pipistrellus sp.","genus","40683","","Pipistrellus","genus","40683","Late Pleistocene","","0.126","0.0117","28192"
"786296","occ","","","28293","Taphozous incognita","species","40637","species not entered","Taphozous","genus","40637","MN 2","","22.4","20","28475"
"786686","occ","","","84865","Rhinonycteris tedfordi","species","40652","species not entered","Rhinonycteris","genus","40652","Early Miocene","","23.03","15.97","28497"
"786687","occ","","","84865","Brachipposideros ? watsoni","species","136224","species not entered","Brachipposideros","genus","92089","Early Miocene","","23.03","15.97","28497"
"786689","occ","","","84865","Macroderma cf. godthelpi","species","94084","species not entered","Macroderma","genus","94084","Early Miocene","","23.03","15.97","28497"
"786690","occ","","","84865","Brachipposideros cf. nooraleebus","species","136224","species not entered","Brachipposideros","genus","92089","Early Miocene","","23.03","15.97","28497"
"786691","occ","","","84865","Brachipposideros sp.","genus","136224","","Brachipposideros","genus","92089","Early Miocene","","23.03","15.97","28497"
"820531","occ","","","35535","cf. Ageina sp.","genus","40697","","Ageina","genus","40697","Ypresian","","56","47.8","30281"
"834427","occ","","","92732","Pteropus rufus","species","103145","species not entered","Pteropus","genus","103145","Holocene","","0.0117","0","31261"
"834428","occ","","","92732","Rousettus madagascariensis","species","158501","species not entered","Rousettus","genus","158501","Holocene","","0.0117","0","31261"
"835205","occ","","","92733","Eidolon dupreanum","species","158500","species not entered","Eidolon","genus","158500","Holocene","","0.0117","0","31261"
"835206","occ","","","92733","Rousettus madagascariensis","species","158501","species not entered","Rousettus","genus","158501","Holocene","","0.0117","0","31261"
"835207","occ","","","92733","Hipposideros commersoni","species","40649","species not entered","Hipposideros","genus","40649","Holocene","","0.0117","0","31261"
"835208","occ","","","92733","Triaenops furculus","species","67840","species not entered","Triaenops","genus","67840","Holocene","","0.0117","0","31261"
"835209","occ","","","92733","Miniopterus gleni","species","40676","species not entered","Miniopterus","genus","40676","Holocene","","0.0117","0","31261"
"835210","occ","","","92733","Mormopterus jugularis","species","92096","species not entered","Mormopterus","genus","92096","Holocene","","0.0117","0","31261"
"835211","occ","","","92733","Mops leucostigma","species","139826","species not entered","Mops","genus","92129","Holocene","","0.0117","0","31261"
"835997","occ","","","92787","Megaderma lyra","species","40642","species not entered","Megaderma","genus","40642","Late Pleistocene","","0.126","0.0117","31309"
"835998","occ","","","92787","Hipposideros pratti","species","40649","species not entered","Hipposideros","genus","40649","Late Pleistocene","","0.126","0.0117","31309"
"835999","occ","","","92787","Hipposideros armiger","species","40649","species not entered","Hipposideros","genus","40649","Late Pleistocene","","0.126","0.0117","31309"
"836001","occ","","","92787","Rhinolophus pearsoni","species","40646","species not entered","Rhinolophus","genus","40646","Late Pleistocene","","0.126","0.0117","31309"
"836002","occ","","","92787","Rhinolophus macrotis","species","40646","species not entered","Rhinolophus","genus","40646","Late Pleistocene","","0.126","0.0117","31309"
"836003","occ","","","92787","Rhinolophus cornutus","species","40646","species not entered","Rhinolophus","genus","40646","Late Pleistocene","","0.126","0.0117","31309"
"836004","occ","","","92787","Murina leucogaster","species","109084","species not entered","Murina","genus","109084","Late Pleistocene","","0.126","0.0117","31309"
"836005","occ","","","92787","Myotis formosus","species","40678","species not entered","Myotis","genus","40678","Late Pleistocene","","0.126","0.0117","31309"
"836006","occ","","","92787","Myotis daubentoni","species","40678","species not entered","Myotis","genus","40678","Late Pleistocene","","0.126","0.0117","31309"
"836007","occ","","","92787","Myotis sp.","genus","40678","","Myotis","genus","40678","Late Pleistocene","","0.126","0.0117","31309"
"836008","occ","","","92787","Tylonycteris pachypus","species","158789","species not entered","Tylonycteris","genus","158789","Late Pleistocene","","0.126","0.0117","31309"
"836009","occ","","","92787","Miniopterus schreibersi","species","40676","species not entered","Miniopterus","genus","40676","Late Pleistocene","","0.126","0.0117","31309"
"836010","occ","","","92787","Scotomanes emarginatus","species","158788","species not entered","Scotomanes","genus","158788","Late Pleistocene","","0.126","0.0117","31309"
"836011","occ","","","92787","Pipistrellus coromandra","species","40683","species not entered","Pipistrellus","genus","40683","Late Pleistocene","","0.126","0.0117","31309"
"837015","occ","","","92812","Artibeus anthonyi","species","159104","species not entered","Artibeus","genus","159104","Late Pleistocene","","0.126","0.0117","31330"
"837017","occ","","","92812","Brachyphylla nana","species","159105","species not entered","Brachyphylla","genus","159105","Late Pleistocene","","0.126","0.0117","31330"
"837018","occ","","","92812","Macrotus waterhousei","species","159106","species not entered","Macrotus","genus","159106","Late Pleistocene","","0.126","0.0117","31330"
"840126","occ","","","93183","Myotis sp.","genus","40678","","Myotis","genus","40678","Late Pleistocene","","0.126","0.0117","31489"
"841681","occ","","","93326","Myotis sp.","genus","40678","","Myotis","genus","40678","Late Pleistocene","Holocene","0.126","0","31567"
"841945","occ","","","93374","cf. Myotis sp.","genus","40678","","Myotis","genus","40678","Late Pleistocene","Holocene","0.126","0","31595"
"841967","occ","","","93375","Tadarida mexicana","species","40691","species not entered","Tadarida","genus","40691","Holocene","","0.0117","0","31597"
"851050","occ","","","94615","Brachyphylla cavernarum","species","159105","species not entered","Brachyphylla","genus","159105","Holocene","","0.0117","0","32225"
"851051","occ","","","94615","Natalus stramineus","species","159137","species not entered","Natalus","genus","159137","Holocene","","0.0117","0","32225"
"851053","occ","","","94615","Molossus molossus","species","48788","species not entered","Molossus","genus","48788","Holocene","","0.0117","0","32225"
"851063","occ","","","94615","Mormoops blainvillei","species","40657","species not entered","Mormoops","genus","40657","Holocene","","0.0117","0","32225"
"866472","occ","","","28298","Nyctophilus cf. geoffroyi","species","103134","species not entered","Nyctophilus","genus","103134","Pleistocene","","2.588","0.0117","32608"
"906574","occ","","","101899","Myotis sp.","genus","40678","","Myotis","genus","40678","Late Pleistocene","","0.126","0.0117","34644"
"906576","occ","","","101899","Murina silvatica","species","109084","species not entered","Murina","genus","109084","Late Pleistocene","","0.126","0.0117","34644"
"915678","occ","","","104758","Myotis spp.","genus","40678","","Myotis","genus","40678","Late Pleistocene","","0.126","0.0117","34884"
"919173","occ","","","104034","Myotis sp.","genus","40678","","Myotis","genus","40678","Late Pleistocene","Holocene","0.126","0","1461"
"919227","occ","","","104035","Myotis keeni","species","40678","species not entered","Myotis","genus","40678","Late Pleistocene","Holocene","0.126","0","1461"
"919228","occ","","","104035","Myotis griscens","species","40678","species not entered","Myotis","genus","40678","Late Pleistocene","Holocene","0.126","0","1461"
"919229","occ","","","104035","Myotis leibii","species","40678","species not entered","Myotis","genus","40678","Late Pleistocene","Holocene","0.126","0","1461"
"919230","occ","","","104035","Myotis sp.","genus","40678","","Myotis","genus","40678","Late Pleistocene","Holocene","0.126","0","1461"
"919233","occ","","","104035","Plecotus sp.","genus","40684","","Plecotus","genus","40684","Late Pleistocene","Holocene","0.126","0","1461"
"919268","occ","","","104040","Eptesicus sp.","genus","40671","","Eptesicus","genus","40671","Holocene","","0.0117","0","1461"
"919386","occ","","","104672","Myotis keeni","species","40678","species not entered","Myotis","genus","40678","Late Pleistocene","Holocene","0.126","0","1461"
"919387","occ","","","104672","Myotis sp.","genus","40678","","Myotis","genus","40678","Late Pleistocene","Holocene","0.126","0","1461"
"919389","occ","","","104672","Eptesicus sp.","genus","40671","","Eptesicus","genus","40671","Late Pleistocene","Holocene","0.126","0","1461"
"919421","occ","","","20388","Myotis sp.","genus","40678","","Myotis","genus","40678","Irvingtonian","","1.8","0.3","1461"
"919424","occ","","","20388","Plecotus sp.","genus","40684","","Plecotus","genus","40684","Irvingtonian","","1.8","0.3","1461"
"919464","occ","","","104676","Myotis sp.","genus","40678","","Myotis","genus","40678","Late Pleistocene","","0.126","0.0117","1461"
"919465","occ","","","104676","Eptesicus sp.","genus","40671","","Eptesicus","genus","40671","Late Pleistocene","","0.126","0.0117","1461"
"919560","occ","","","104691","Myotis sp.","genus","40678","","Myotis","genus","40678","Late Pleistocene","Holocene","0.126","0","1461"
"934326","occ","","","82258","Eptesicus sp.","genus","40671","","Eptesicus","genus","40671","Late Pleistocene","","0.126","0.0117","35381"
"1012871","occ","","","93332","Plecotus sp.","genus","40684","","Plecotus","genus","40684","Late Pleistocene","","0.126","0.0117","39873"
"1012873","occ","","","93332","Myotis sp.","genus","40678","","Myotis","genus","40678","Late Pleistocene","","0.126","0.0117","39873"
"1012874","occ","","","93332","Desmodus sp.","genus","40655","","Desmodus","genus","40655","Late Pleistocene","","0.126","0.0117","39873"
"1012879","occ","","","123875","Plecotus sp.","genus","40684","","Plecotus","genus","40684","Pleistocene","","2.588","0.0117","39873"
"1012882","occ","","","123875","Myotis sp.","genus","40678","","Myotis","genus","40678","Pleistocene","","2.588","0.0117","39873"
"1014101","occ","","","123868","Myotis sp.","genus","40678","","Myotis","genus","40678","Late Pleistocene","","0.126","0.0117","39856"
"1014138","occ","","","124198","Myotis sp.","genus","40678","","Myotis","genus","40678","Late Pleistocene","","0.126","0.0117","39856"
"1014180","occ","","","124199","Myotis sp.","genus","40678","","Myotis","genus","40678","Late Pleistocene","","0.126","0.0117","39856"
"1015147","occ","","","124089","Myotis sp.","genus","40678","","Myotis","genus","40678","Late Pleistocene","","0.126","0.0117","39880"
"1015148","occ","","","124089","Corynorhinus sp.","genus","45285","obsolete variant of","Plecotus (Corynorhinus)","subgenus","45285","Late Pleistocene","","0.126","0.0117","39880"
"1020748","occ","","","124950","Myotis sp.","genus","40678","","Myotis","genus","40678","Late Pleistocene","","0.126","0.0117","40496"
"1028318","occ","","","125941","Myotis keeni","species","40678","species not entered","Myotis","genus","40678","Pleistocene","","2.588","0.0117","40888"
"1028319","occ","","","125941","Myotis sp.","genus","40678","","Myotis","genus","40678","Pleistocene","","2.588","0.0117","40888"
"1028848","occ","","","20302","Pipistrellus sp.","genus","40683","","Pipistrellus","genus","40683","Irvingtonian","","1.8","0.3","40890"
"1028866","occ","","","20302","Vespertilio grandis","species","40692","species not entered","Vespertilio","genus","40692","Irvingtonian","","1.8","0.3","39868"
"1028867","occ","","","20302","Vespertilio sp.","genus","40692","","Vespertilio","genus","40692","Irvingtonian","","1.8","0.3","39868"
"1028934","occ","","","124319","Plecotus sp.","genus","40684","","Plecotus","genus","40684","Pleistocene","","2.588","0.0117","40654"
"1033772","occ","","","93332","Myotis leibii","species","40678","species not entered","Myotis","genus","40678","Late Pleistocene","","0.126","0.0117","40654"
"1033822","occ","","","20555","Myotis sp.","genus","40678","","Myotis","genus","40678","Irvingtonian","","1.8","0.3","40654"
"1033825","occ","","","20555","Plecotus sp.","genus","40684","","Plecotus","genus","40684","Irvingtonian","","1.8","0.3","40654"
"1040205","occ","","","48126","Taphozous ? sp.","genus","40637","","Taphozous","genus","40637","Middle Miocene","","15.97","11.608","41424"
"1040206","occ","","","48126","Megaderma sp.","genus","40642","","Megaderma","genus","40642","Middle Miocene","","15.97","11.608","41424"
"1040208","occ","","","48126","Hipposideros (Brachipposideros) n. sp. khengkao","species","92089","species not entered","Brachipposideros","genus","92089","Middle Miocene","","15.97","11.608","41424"
"1040210","occ","","","48126","Ia n. sp. lanna","species","234179","species not entered","Ia","genus","234179","Middle Miocene","","15.97","11.608","41424"
"1074689","occ","32844","","68021","cf. Myotis horaceki","species","40678","species not entered","Myotis","genus","40678","Rupelian","","33.9","28.1","60711"
"1091828","occ","","","48325","cf. Paleptesicus noctuloides","species","40682","species not entered","Paleptesicus","genus","40682","MN 5","","15.97","13.65","43885"
"1091829","occ","","","48325","cf. Paleptesicus sp.","genus","40682","","Paleptesicus","genus","40682","MN 5","","15.97","13.65","43885"
"1135177","occ","","","144585","Macroderma indet.","genus","94084","","Macroderma","genus","94084","Pleistocene","","2.588","0.0117","46780"
"1135755","occ","","","144663","Macrotus waterhousii","species","159106","species not entered","Macrotus","genus","159106","Holocene","","0.0117","0","46815"
"1135757","occ","","","144663","Myotis sp.","genus","40678","","Myotis","genus","40678","Holocene","","0.0117","0","46815"
"1140661","occ","","","13749","Diclidurus indet.","genus","234752","","Diclidurus","genus","234752","Friasian","","16.3","15.5","46980"
"1140745","occ","","","13749","cf. Thyroptera tricolor","species","103158","species not entered","Thyroptera","genus","103158","Friasian","","16.3","15.5","46980"
"1144027","occ","","","145614","Eumops sp.","genus","40694","","Eumops","genus","40694","Laventan","","13.8","11.8","47088"
"1196132","occ","","","154722","Mormoops megalophylla","species","40657","species not entered","Mormoops","genus","40657","Late Pleistocene","","0.126","0.0117","50316"
"1196914","occ","","","154805","Myotis sp.","genus","40678","","Myotis","genus","40678","Late Pleistocene","","0.126","0.0117","2451"
"1234336","occ","","","162464","Philisis n. sp. sevketi","species","136263","species not entered","Philisis","genus","136263","Early Oligocene","","33.9","28.4","52912"
"1234337","occ","","","162464","cf. Philisis sp.","genus","136263","","Philisis","genus","136263","Early Oligocene","","33.9","28.4","52912"
"1262949","occ","","","167717","Myotis sp.","genus","40678","","Myotis","genus","40678","Pliocene","","5.333","2.588","54770"
"1265783","occ","","","75481","Eptesicus informal sp. nov.","genus","40671","","Eptesicus","genus","40671","MN 9","","11.1","9.7","55045"
"1296635","occ","","","172927","Cuvierimops sp.","genus","327569","","Cuvierimops","genus","327569","MP 26","","28.4","23.03","56216"
"1313280","occ","","","136269","Rhinolophus sp.","genus","40646","","Rhinolophus","genus","40646","MN 4","","16.9","15.97","57907"
"1313597","occ","","","141368","Mormopterus indet.","genus","92096","","Mormopterus","genus","92096","Colhuehuapian","","21","17.5","57940"
"1317381","occ","","","17976","cf. Myotis indet.","genus","40678","","Myotis","genus","40678","Early Barstovian","","15.97","13.6","58390"
"1321200","occ","","","136172","Miniopterus schreibersii","species","40676","species not entered","Miniopterus","genus","40676","Late Pleistocene","Holocene","0.126","0","58701"
"1321249","occ","","","136430","Miniopterus schreibersii","species","40676","species not entered","Miniopterus","genus","40676","Pleistocene","","2.588","0.0117","58701"
"1341581","occ","","","181322","Nyctophilus timoriensis","species","103134","species not entered","Nyctophilus","genus","103134","Early Pleistocene","","2.588","0.781","60306"
"1343197","occ","","","68437","cf. Icaronycteris sp.","genus","40632","","Icaronycteris","genus","40632","Early Eocene","","55.8","48.6","60429"
"1344298","occ","","","181913","Hipposideros nooralebus","species","40649","species not entered","Hipposideros","genus","40649","Middle Miocene","","15.97","11.608","60509"
"1344411","occ","","","96015","Macroderma gigas","species","94084","species not entered","Macroderma","genus","94084","Pleistocene","","2.588","0.0117","60517"
"1344782","occ","","","182103","Mystacina tuberculata","species","333938","species not entered","Mystacina","genus","333938","Late Pleistocene","Holocene","0.126","0","60538"
"1344783","occ","","","182103","Mystacina cf. robusta","species","333938","species not entered","Mystacina","genus","333938","Late Pleistocene","Holocene","0.126","0","60538"
"1344878","occ","","","182104","Mystacina cf. robusta","species","333938","species not entered","Mystacina","genus","333938","Late Pleistocene","Holocene","0.126","0","60538"
"1344879","occ","","","182104","Mystacina tuberculata","species","333938","species not entered","Mystacina","genus","333938","Late Pleistocene","Holocene","0.126","0","60538"
"1346481","occ","","","182321","Macroderma sp.","genus","94084","","Macroderma","genus","94084","Late Pleistocene","","0.126","0.0117","60657"
"1346484","occ","","","182322","Macroderma gigas","species","94084","species not entered","Macroderma","genus","94084","Pleistocene","","2.588","0.0117","60657"
"1346486","occ","","","136222","Macroderma gigas","species","94084","species not entered","Macroderma","genus","94084","Pleistocene","","2.588","0.0117","60657"
"1346487","occ","","","182323","Macroderma gigas","species","94084","species not entered","Macroderma","genus","94084","Quaternary","","2.588","0","60657"
"1348002","occ","","","35538","cf. Archaeonycteris sp.","genus","40630","","Archaeonycteris","genus","40630","Early Eocene","","55.8","48.6","60837"
"1348299","occ","","","31717","Palaeochiropteryx sp.","genus","40634","","Palaeochiropteryx","genus","40634","Lutetian","","47.8","41.3","60880"
"1348319","occ","","","182519","Palaeochiropteryx sp.","genus","40634","","Palaeochiropteryx","genus","40634","Lutetian","","47.8","41.3","60883"
"1349441","occ","","","182838","Mystacina cf. robusta","species","333938","species not entered","Mystacina","genus","333938","Pleistocene","Holocene","2.588","0","60969"
"1349876","occ","","","182931","Megaderma richardsi","species","40642","species not entered","Megaderma","genus","40642","Pliocene","","5.333","2.588","61032"
"1350011","occ","","","182955","Hipposideros nooraleebus","species","40649","species not entered","Hipposideros","genus","40649","Middle Miocene","","15.97","11.608","61054"
"1350060","occ","","","182957","cf. Miniopterus schreibersii","species","40676","species not entered","Miniopterus","genus","40676","Late Pleistocene","","0.126","0.0117","61053"
"1350346","occ","","","183096","Macroderma sp.","genus","94084","","Macroderma","genus","94084","Middle Miocene","","15.97","11.608","61085"
"1350347","occ","","","183096","Brachipposideros sp.","genus","136224","","Brachipposideros","genus","92089","Middle Miocene","","15.97","11.608","61085"
"1350401","occ","","","183085","Miniopterus fuliginosus","species","40676","species not entered","Miniopterus","genus","40676","Late Pleistocene","Holocene","0.126","0","61062"
"1350431","occ","","","31720","Paleunycteris n. sp. pusilla","species","136278","subjective synonym of, species not entered","Stehlinia","genus","40689","Bartonian","","41.3","38","60954"
"1350432","occ","","","31721","Paleunycteris n. sp. rutimeyeri","species","136278","subjective synonym of, species not entered","Stehlinia","genus","40689","Bartonian","","41.3","38","60954"
"1350606","occ","","","183123","Rhinolophus sp.","genus","40646","","Rhinolophus","genus","40646","Pleistocene","","2.588","0.0117","61123"
"1350608","occ","","","183123","Myotis blythi","species","40678","species not entered","Myotis","genus","40678","Pleistocene","","2.588","0.0117","61123"
"1350609","occ","","","183123","Myotis sp.","genus","40678","","Myotis","genus","40678","Pleistocene","","2.588","0.0117","61123"
"1350610","occ","","","183123","Pipistrellus sp.","genus","40683","","Pipistrellus","genus","40683","Pleistocene","","2.588","0.0117","61123"
"1351829","occ","","","31736","Archaeonycteris sp.","genus","40630","","Archaeonycteris","genus","40630","Bartonian","","41.3","38","61203"
"1351830","occ","","","31736","Palaeochiropteryx ? sp.","genus","40634","","Palaeochiropteryx","genus","40634","Bartonian","","41.3","38","61203"
"1351866","occ","","","183350","Archaeonycteris sp.","genus","40630","","Archaeonycteris","genus","40630","Bartonian","","41.3","38","61203"
"1351867","occ","","","183350","Palaeochiropteryx ? sp.","genus","40634","","Palaeochiropteryx","genus","40634","Bartonian","","41.3","38","61203"
"1352262","occ","","","183381","Stehlinia minor","species","40689","species not entered","Stehlinia","genus","40689","Rupelian","","33.9","28.1","61220"
"1352263","occ","","","183381","Stehlinia sp.","genus","40689","","Stehlinia","genus","40689","Rupelian","","33.9","28.1","61220"
"1352293","occ","","","183382","Stehlinia minor","species","40689","species not entered","Stehlinia","genus","40689","MP 20","MP 21","37.2","28.4","61221"
"1354224","occ","","","31748","Myotis misonnei","species","40678","species not entered","Myotis","genus","40678","Early Oligocene","","33.9","28.4","61354"
"1354667","occ","","","12842","Palaeophyllophora sp.","genus","67834","","Palaeophyllophora","genus","67834","Priabonian","","38","33.9","61372"
"1355346","occ","","","41116","Lapichiropteryx sp.","genus","349785","","Lapichiropteryx","genus","349785","Sharamurunian","","48.6","37.2","61481"
"1355347","occ","","","41116","Icaronycteris ? sp.","genus","40632","","Icaronycteris","genus","40632","Sharamurunian","","48.6","37.2","61481"
"1356482","occ","","","177581","Stehlinia sp.","genus","40689","","Stehlinia","genus","40689","Bartonian","","41.3","38","61550"
"1356853","occ","","","184245","Myotis sp.","genus","40678","","Myotis","genus","40678","Late Pleistocene","","0.126","0.0117","61580"
"1356861","occ","","","184245","Myotis blythii","species","40678","species not entered","Myotis","genus","40678","Late Pleistocene","","0.126","0.0117","61580"
